vehicle_no,timestamp,camera_id
0HFB7657,2024-09-18 23:00:00,002
0HLW6417,2024-10-21 19:20:00,002
0HNH1376,2024-11-06 20:20:00,002
1HHN8789,2024-09-15 21:00:00,002
1HSF6006,2024-10-18 23:00:00,002
1HZF9381,2024-11-06 17:20:00,002
1HZS7809,2024-11-13 17:00:00,002
2HDB9868,2024-10-29 14:00:00,002
3HCV7020,2024-10-30 21:00:00,002
5HNO7886,2024-10-07 19:20:00,002
5HYP6332,2024-10-13 18:20:00,002
6HSJ5094,2024-10-30 15:20:00,002
6HWQ5439,2024-10-05 00:00:00,002
7HKI1925,2024-10-16 19:00:00,002
8HAS6587,2024-11-11 11:20:00,002
8HFY4908,2024-11-05 13:00:00,002
9HOJ8955,2024-10-24 10:40:00,002
9HOY7757,2024-10-30 14:40:00,002
9HYS8429,2024-10-30 20:20:00,002
AHAG5991,2024-11-07 15:40:00,002
AHTS7873,2024-09-29 16:40:00,002
AHZZ6451,2024-10-21 20:20:00,002
BHHO8893,2024-11-04 22:00:00,002
CHUM9207,2024-10-02 16:40:00,002
DHID0755,2024-10-27 16:40:00,002
GHDX2805,2024-10-05 18:40:00,002
GHLI6180,2024-10-19 16:00:00,002
GHZN6954,2024-10-25 13:20:00,002
HHNT8341,2024-09-27 17:20:00,002
JHUJ4612,2024-11-10 11:00:00,002
KHOZ1398,2024-11-04 21:20:00,002
LHMA2846,2024-10-03 00:00:00,002
LHPX3519,2024-10-21 18:20:00,002
LHYX0439,2024-09-28 12:40:00,002
M1ON5810,2024-09-29 12:20:00,002
M2AK3732,2024-10-21 21:20:00,002
M2BG0044,2024-10-23 19:00:00,002
M2EY6563,2024-09-26 20:00:00,002
M3LP0560,2024-10-20 12:00:00,002
M4CU0938,2024-09-24 22:20:00,002
M6IT9830,2024-10-19 17:40:00,002
M7CK8272,2024-10-24 12:20:00,002
M7MW1055,2024-11-06 21:00:00,002
M7NO9764,2024-09-14 23:40:00,002
M7RM9673,2024-11-02 10:40:00,002
M7SD0464,2024-11-04 13:00:00,002
M9AB6969,2024-09-14 19:00:00,002
M9AI9608,2024-09-13 16:40:00,002
M9HE9023,2024-11-05 20:00:00,002
M9KT9452,2024-11-08 20:40:00,002
MAIH5246,2024-09-12 15:20:00,002
MASC7104,2024-10-30 16:40:00,002
MBSN2701,2024-10-02 09:40:00,002
MBXH3517,2024-11-05 18:40:00,002
MCNI6849,2024-09-21 23:00:00,002
MDKD3925,2024-11-08 23:00:00,002
MDOQ0038,2024-10-19 21:20:00,002
MEOY5524,2024-10-07 19:40:00,002
MESY1167,2024-09-26 13:20:00,002
METY7488,2024-09-16 18:00:00,002
MFFJ4438,2024-09-30 08:40:00,002
MFOK2540,2024-10-20 23:40:00,002
MFQO3306,2024-09-12 19:40:00,002
MGAU4836,2024-10-31 14:20:00,002
MH0E3083,2024-11-01 16:40:00,002
MH0F5354,2024-10-24 15:00:00,002
MH0K8928,2024-11-07 10:00:00,002
MH0W0135,2024-10-24 12:20:00,002
MH0Z4771,2024-10-08 15:40:00,002
MH1A2688,2024-10-18 12:20:00,002
MH2A9152,2024-10-11 23:40:00,002
MH2P4514,2024-09-13 20:40:00,002
MH3Z6817,2024-09-30 16:00:00,002
MH4A2785,2024-10-05 20:20:00,002
MH4S0891,2024-11-09 14:40:00,002
MH5S5033,2024-11-03 19:00:00,002
MH6G2356,2024-11-01 23:20:00,002
MH7B7468,2024-10-04 19:20:00,002
MH7T1334,2024-09-25 20:20:00,002
MH7U9260,2024-10-04 16:00:00,002
MH7W4541,2024-09-19 23:20:00,002
MH8Q5492,2024-11-11 10:20:00,002
MH8W7032,2024-10-26 20:00:00,002
MH9K3592,2024-11-02 23:40:00,002
MH9P0950,2024-10-30 20:00:00,002
MH9W5549,2024-09-26 20:40:00,002
MHA07609,2024-10-26 15:00:00,002
MHA20750,2024-10-06 19:00:00,002
MHA34048,2024-11-07 14:40:00,002
MHAAI155,2024-10-06 12:20:00,002
MHACS416,2024-09-24 14:00:00,002
MHADH074,2024-11-08 20:20:00,002
MHAF4661,2024-10-12 12:20:00,002
MHAI008W,2024-10-05 19:40:00,002
MHAK036A,2024-10-31 14:00:00,002
MHAL492X,2024-10-11 16:40:00,002
MHAM4972,2024-10-08 19:00:00,002
MHANL148,2024-10-20 16:20:00,002
MHAO5621,2024-10-19 13:40:00,002
MHAO6348,2024-10-26 15:40:00,002
MHAP014H,2024-11-13 13:20:00,002
MHAQ947G,2024-09-16 19:20:00,002
MHAS6887,2024-11-09 15:20:00,002
MHAT4088,2024-11-09 15:00:00,002
MHAT7886,2024-10-05 16:00:00,002
MHAV1489,2024-09-14 19:00:00,002
MHAV2121,2024-11-13 12:00:00,002
MHAV5142,2024-09-21 11:20:00,002
MHAW5696,2024-11-02 15:20:00,002
MHAW8413,2024-11-08 21:00:00,002
MHAW8Z62,2024-09-27 22:40:00,002
MHAW9997,2024-10-30 16:00:00,002
MHAY58F7,2024-09-24 13:40:00,002
MHB19242,2024-11-13 13:00:00,002
MHBA0183,2024-09-14 17:40:00,002
MHBA5766,2024-10-26 17:00:00,002
MHBA8241,2024-10-22 20:40:00,002
MHBA8763,2024-10-26 16:40:00,002
MHBB1404,2024-11-09 14:20:00,002
MHBD7416,2024-11-02 13:00:00,002
MHBD7569,2024-10-25 19:00:00,002
MHBE9673,2024-09-14 18:40:00,002
MHBF2131,2024-09-14 18:00:00,002
MHBF4114,2024-10-31 16:20:00,002
MHBGN156,2024-11-02 10:20:00,002
MHBH1487,2024-10-19 14:00:00,002
MHBH6718,2024-11-09 12:40:00,002
MHBI8397,2024-09-21 12:00:00,002
MHBK01E8,2024-10-07 21:20:00,002
MHBK25J3,2024-11-12 21:40:00,002
MHBM0342,2024-11-02 12:40:00,002
MHBM2888,2024-11-09 14:20:00,002
MHBN13D4,2024-11-07 00:00:00,002
MHBO4205,2024-09-21 11:20:00,002
MHBO78U4,2024-10-19 21:00:00,002
MHBO8333,2024-09-29 09:00:00,002
MHBR4277,2024-10-18 13:20:00,002
MHBT1133,2024-10-12 14:00:00,002
MHBU027Y,2024-10-15 14:00:00,002
MHBU0814,2024-09-21 12:40:00,002
MHBU366K,2024-09-18 14:20:00,002
MHBU5467,2024-10-19 14:40:00,002
MHBX3344,2024-10-12 14:00:00,002
MHBYS403,2024-10-24 16:00:00,002
MHBZ0281,2024-10-12 13:20:00,002
MHC92216,2024-09-22 18:00:00,002
MHCA1889,2024-10-02 10:00:00,002
MHCB1274,2024-09-21 13:20:00,002
MHCC8760,2024-10-05 17:40:00,002
MHCD0524,2024-10-12 14:40:00,002
MHCD8W32,2024-11-12 17:00:00,002
MHCE0253,2024-11-09 15:20:00,002
MHCF1020,2024-10-26 16:20:00,002
MHCF2082,2024-10-12 12:20:00,002
MHCF2742,2024-09-14 16:20:00,002
MHCH4749,2024-11-07 19:00:00,002
MHCHW619,2024-10-14 22:20:00,002
MHCO0339,2024-11-02 14:00:00,002
MHCO7106,2024-11-02 14:00:00,002
MHCP4296,2024-10-30 15:20:00,002
MHCS4M75,2024-10-06 17:00:00,002
MHCS7798,2024-11-09 14:40:00,002
MHCT4R24,2024-09-30 19:40:00,002
MHCU7591,2024-10-13 13:20:00,002
MHCV2001,2024-10-08 15:40:00,002
MHCW7984,2024-09-14 16:20:00,002
MHCW9311,2024-09-15 23:40:00,002
MHCX6207,2024-11-06 22:40:00,002
MHCX7514,2024-09-14 17:00:00,002
MHCYZ217,2024-11-10 16:40:00,002
MHCZ2221,2024-10-05 17:00:00,002
MHCZ3445,2024-09-28 13:40:00,002
MHCZ4Y08,2024-11-07 13:40:00,002
MHD89143,2024-11-10 00:00:00,002
MHDA0N08,2024-10-13 16:40:00,002
MHDB7308,2024-11-02 14:20:00,002
MHDC6371,2024-09-28 15:40:00,002
MHDE6657,2024-09-14 18:00:00,002
MHDF3194,2024-10-08 19:40:00,002
MHDF8T41,2024-09-17 13:20:00,002
MHDFM687,2024-10-18 23:40:00,002
MHDG5210,2024-11-02 14:40:00,002
MHDG83S5,2024-11-13 22:40:00,002
MHDGO272,2024-09-22 15:40:00,002
MHDI4186,2024-10-05 15:40:00,002
MHDJ26Q1,2024-11-01 20:40:00,002
MHDL115L,2024-09-27 00:00:00,002
MHDM2738,2024-09-21 13:20:00,002
MHDN9310,2024-10-19 14:00:00,002
MHDN9521,2024-11-02 15:00:00,002
MHDO3183,2024-10-05 17:40:00,002
MHDO8277,2024-09-29 10:00:00,002
MHDR04G8,2024-10-08 13:40:00,002
MHDR4634,2024-10-05 16:00:00,002
MHDS24X0,2024-11-11 10:40:00,002
MHDT7185,2024-09-14 18:40:00,002
MHDU099U,2024-10-30 14:20:00,002
MHDU8V17,2024-11-01 13:00:00,002
MHDW7736,2024-10-26 15:00:00,002
MHDX8289,2024-09-14 17:00:00,002
MHE42417,2024-10-16 16:20:00,002
MHEA219A,2024-11-09 17:40:00,002
MHEE8173,2024-11-09 14:20:00,002
MHEF1429,2024-09-13 15:00:00,002
MHEF1601,2024-10-26 23:40:00,002
MHEF3413,2024-10-15 16:00:00,002
MHEG377K,2024-10-06 21:40:00,002
MHEI6F42,2024-10-03 22:40:00,002
MHEJ1855,2024-10-12 13:40:00,002
MHEJ1915,2024-10-24 15:40:00,002
MHEN4883,2024-10-12 13:00:00,002
MHEO2336,2024-09-28 14:20:00,002
MHEP9842,2024-10-14 18:00:00,002
MHEP9996,2024-10-26 15:00:00,002
MHES0216,2024-10-11 14:20:00,002
MHES6F36,2024-11-11 10:20:00,002
MHEUU761,2024-10-12 16:40:00,002
MHEV0412,2024-11-03 11:40:00,002
MHEV2277,2024-10-19 15:20:00,002
MHEV5498,2024-10-05 16:00:00,002
MHEV9677,2024-09-14 18:20:00,002
MHEW6419,2024-09-14 16:20:00,002
MHEX2269,2024-09-14 17:00:00,002
MHEX393M,2024-10-22 13:00:00,002
MHEX5551,2024-09-14 17:40:00,002
MHEZ0666,2024-10-26 15:40:00,002
MHEZ932P,2024-10-08 12:40:00,002
MHFCR867,2024-10-23 21:20:00,002
MHFD1443,2024-09-21 11:00:00,002
MHFD866W,2024-10-16 11:20:00,002
MHFE9573,2024-10-12 12:20:00,002
MHFF26T8,2024-09-24 12:40:00,002
MHFG0Y69,2024-11-10 09:20:00,002
MHFH2505,2024-09-28 14:00:00,002
MHFH3505,2024-10-12 14:00:00,002
MHFHE846,2024-09-26 15:40:00,002
MHFI3557,2024-10-26 16:40:00,002
MHFL8258,2024-09-14 16:00:00,002
MHFO8103,2024-11-02 13:00:00,002
MHFP1409,2024-11-09 13:40:00,002
MHFT733P,2024-09-12 10:40:00,002
MHFU1329,2024-10-31 13:00:00,002
MHFUZ729,2024-09-12 19:00:00,002
MHFV4130,2024-10-19 13:40:00,002
MHFW100E,2024-10-26 17:40:00,002
MHFX574P,2024-09-29 15:40:00,002
MHFXO181,2024-11-05 22:00:00,002
MHFY7603,2024-11-12 19:20:00,002
MHG10124,2024-11-11 15:40:00,002
MHG70521,2024-10-02 16:00:00,002
MHGA7605,2024-10-05 17:20:00,002
MHGB7206,2024-09-14 16:00:00,002
MHGBC833,2024-10-14 14:00:00,002
MHGE4883,2024-10-27 12:40:00,002
MHGF819S,2024-10-20 19:40:00,002
MHGG0357,2024-11-02 14:20:00,002
MHGG9704,2024-09-18 23:20:00,002
MHGH4646,2024-10-19 15:20:00,002
MHGI1F14,2024-10-26 18:00:00,002
MHGK1019,2024-09-13 12:00:00,002
MHGL1365,2024-11-09 15:20:00,002
MHGL5962,2024-09-14 17:40:00,002
MHGN21V7,2024-09-28 15:20:00,002
MHGP69W2,2024-09-18 23:40:00,002
MHGPE994,2024-09-22 12:00:00,002
MHGQ8483,2024-10-12 12:40:00,002
MHGS8930,2024-09-21 13:00:00,002
MHGT5325,2024-10-19 13:40:00,002
MHGT5846,2024-10-26 15:00:00,002
MHGV1968,2024-09-25 13:00:00,002
MHGW6742,2024-09-13 20:40:00,002
MHGW8834,2024-11-09 14:20:00,002
MHGY036B,2024-10-06 14:20:00,002
MHGY0974,2024-09-14 17:00:00,002
MHGY8614,2024-10-27 21:00:00,002
MHGZ332G,2024-11-10 20:40:00,002
MHH45919,2024-09-12 17:20:00,002
MHH78747,2024-10-11 21:40:00,002
MHHB7019,2024-09-14 17:00:00,002
MHHC7066,2024-10-12 14:00:00,002
MHHD7502,2024-09-14 17:00:00,002
MHHE2099,2024-09-14 18:00:00,002
MHHE2197,2024-09-23 22:00:00,002
MHHE4408,2024-09-28 14:40:00,002
MHHF2034,2024-10-19 14:00:00,002
MHHF2790,2024-10-26 15:20:00,002
MHHF4193,2024-09-23 23:20:00,002
MHHG2938,2024-10-08 11:00:00,002
MHHH2336,2024-10-19 15:20:00,002
MHHH6870,2024-10-15 15:00:00,002
MHHIP790,2024-10-18 18:00:00,002
MHHJ5466,2024-09-28 14:20:00,002
MHHK2989,2024-09-14 18:00:00,002
MHHK3106,2024-10-26 19:40:00,002
MHHK4015,2024-09-13 12:20:00,002
MHHK6075,2024-09-14 18:40:00,002
MHHL1614,2024-10-05 16:40:00,002
MHHL9222,2024-09-21 11:40:00,002
MHHM2699,2024-09-12 22:00:00,002
MHHM83L9,2024-11-04 22:00:00,002
MHHN9871,2024-09-21 12:00:00,002
MHHP1808,2024-09-21 11:00:00,002
MHHP4788,2024-10-26 15:40:00,002
MHHR3343,2024-11-02 14:00:00,002
MHHS5437,2024-10-02 10:20:00,002
MHHT8711,2024-10-19 15:00:00,002
MHHV6302,2024-10-14 21:40:00,002
MHHV9Z50,2024-10-21 00:00:00,002
MHHW5846,2024-10-05 17:00:00,002
MHHX6174,2024-10-20 20:20:00,002
MHHX9E24,2024-09-22 12:00:00,002
MHHY6890,2024-11-02 14:20:00,002
MHHY6930,2024-10-19 15:20:00,002
MHHZ4441,2024-11-09 14:40:00,002
MHIA5925,2024-09-21 11:40:00,002
MHIA7F91,2024-10-16 14:00:00,002
MHIB33C8,2024-09-21 20:00:00,002
MHIC5547,2024-10-26 16:00:00,002
MHID2445,2024-10-26 16:40:00,002
MHID4378,2024-09-26 22:00:00,002
MHID5188,2024-11-02 15:20:00,002
MHID5712,2024-10-26 14:40:00,002
MHIDH423,2024-10-22 16:00:00,002
MHIF2796,2024-09-28 15:40:00,002
MHIF9801,2024-10-12 14:00:00,002
MHII7195,2024-11-09 13:00:00,002
MHIJ1865,2024-10-05 17:20:00,002
MHIJ21F8,2024-11-02 18:20:00,002
MHIJ9735,2024-09-21 11:40:00,002
MHIK6833,2024-11-09 15:00:00,002
MHIK7879,2024-09-14 16:40:00,002
MHIK8825,2024-10-26 15:00:00,002
MHIL34R3,2024-11-03 16:40:00,002
MHIL8601,2024-09-22 09:20:00,002
MHIM7140,2024-11-08 14:20:00,002
MHIM7K01,2024-11-05 14:00:00,002
MHIM8153,2024-10-05 17:20:00,002
MHIN5394,2024-10-12 14:20:00,002
MHIN8975,2024-09-14 17:00:00,002
MHIO9O71,2024-11-13 16:00:00,002
MHIQ5855,2024-10-19 14:20:00,002
MHIQ65I6,2024-10-11 13:00:00,002
MHIU3E86,2024-09-13 14:40:00,002
MHIV0695,2024-10-13 17:20:00,002
MHIV1303,2024-09-21 12:20:00,002
MHIWK446,2024-10-11 13:20:00,002
MHIY193U,2024-09-24 23:20:00,002
MHJ61671,2024-11-06 21:00:00,002
MHJA2073,2024-09-28 12:20:00,002
MHJB1227,2024-10-26 18:00:00,002
MHJE5419,2024-09-14 18:20:00,002
MHJG0498,2024-10-14 14:40:00,002
MHJG3063,2024-11-09 13:20:00,002
MHJH7685,2024-10-26 14:40:00,002
MHJH9376,2024-10-13 21:00:00,002
MHJI2651,2024-09-28 15:40:00,002
MHJJ1312,2024-09-21 12:40:00,002
MHJJ6469,2024-10-26 16:20:00,002
MHJK8643,2024-11-02 15:00:00,002
MHJL7185,2024-09-28 15:40:00,002
MHJM5150,2024-10-19 14:20:00,002
MHJM5179,2024-11-02 13:20:00,002
MHJM6693,2024-09-21 13:00:00,002
MHJMV906,2024-10-03 23:40:00,002
MHJN1I23,2024-09-19 12:40:00,002
MHJN3958,2024-10-26 16:00:00,002
MHJO0003,2024-09-27 16:20:00,002
MHJO4356,2024-09-21 11:20:00,002
MHJQ3171,2024-09-12 20:00:00,002
MHJQ7161,2024-09-30 19:40:00,002
MHJR9851,2024-09-21 12:40:00,002
MHJS4040,2024-09-21 11:40:00,002
MHJT1113,2024-10-09 13:20:00,002
MHJT1717,2024-11-02 13:00:00,002
MHJT2135,2024-09-21 14:20:00,002
MHJT4146,2024-11-02 14:40:00,002
MHJT6980,2024-10-09 10:40:00,002
MHJU1982,2024-09-30 09:00:00,002
MHJV8730,2024-10-19 14:20:00,002
MHJX1116,2024-09-21 10:40:00,002
MHJX1545,2024-11-02 14:00:00,002
MHJY1U60,2024-10-08 16:00:00,002
MHJZ0967,2024-09-17 11:00:00,002
MHJZ6430,2024-10-05 17:20:00,002
MHK91151,2024-09-16 18:20:00,002
MHKA6372,2024-10-26 17:20:00,002
MHKA7553,2024-10-19 15:40:00,002
MHKB5385,2024-09-14 16:40:00,002
MHKCD787,2024-10-01 16:00:00,002
MHKF9924,2024-10-12 14:00:00,002
MHKG9883,2024-09-21 12:20:00,002
MHKH212L,2024-11-13 12:40:00,002
MHKH215P,2024-09-29 14:40:00,002
MHKH9973,2024-11-09 14:00:00,002
MHKI5742,2024-11-09 15:00:00,002
MHKL0348,2024-09-21 10:40:00,002
MHKL4408,2024-10-05 17:20:00,002
MHKM0227,2024-10-19 13:20:00,002
MHKM059D,2024-10-23 18:00:00,002
MHKM7300,2024-10-05 12:40:00,002
MHKN2227,2024-09-14 18:00:00,002
MHKN5723,2024-09-15 15:00:00,002
MHKO1679,2024-10-12 14:00:00,002
MHKP2844,2024-09-14 18:40:00,002
MHKR5560,2024-10-15 21:40:00,002
MHKV8211,2024-10-26 21:20:00,002
MHKV8494,2024-11-09 14:20:00,002
MHKW8661,2024-10-05 16:20:00,002
MHKX2261,2024-10-18 21:20:00,002
MHKX7183,2024-09-21 10:40:00,002
MHKX9089,2024-09-28 14:20:00,002
MHKY002Z,2024-09-27 14:00:00,002
MHL38781,2024-10-21 14:40:00,002
MHLA2283,2024-10-11 19:20:00,002
MHLA3093,2024-10-12 13:20:00,002
MHLA8171,2024-09-17 21:00:00,002
MHLB1477,2024-09-21 13:00:00,002
MHLC5C93,2024-10-23 00:00:00,002
MHLE3096,2024-10-26 15:20:00,002
MHLE36Z6,2024-10-27 00:00:00,002
MHLE56X9,2024-11-13 22:40:00,002
MHLE9497,2024-10-05 17:00:00,002
MHLFR393,2024-10-22 14:40:00,002
MHLH06N4,2024-10-08 18:20:00,002
MHLI4151,2024-09-21 10:40:00,002
MHLI4992,2024-10-12 12:00:00,002
MHLI7886,2024-09-14 16:20:00,002
MHLI9176,2024-11-09 14:40:00,002
MHLI9570,2024-09-26 23:00:00,002
MHLJ8764,2024-09-21 12:20:00,002
MHLL4194,2024-11-05 21:20:00,002
MHLL4610,2024-10-05 17:00:00,002
MHLLI492,2024-10-12 22:20:00,002
MHLN4288,2024-09-14 18:40:00,002
MHLN5458,2024-09-25 14:20:00,002
MHLO13G4,2024-09-19 12:40:00,002
MHLP7677,2024-10-05 15:20:00,002
MHLPJ907,2024-09-28 18:20:00,002
MHLR8351,2024-09-24 15:20:00,002
MHLS4994,2024-10-19 14:20:00,002
MHLS5713,2024-10-27 12:20:00,002
MHLT3352,2024-10-19 14:40:00,002
MHLT6172,2024-10-12 13:40:00,002
MHLW29H1,2024-10-29 12:20:00,002
MHLWY675,2024-10-23 15:20:00,002
MHLX7189,2024-09-28 13:20:00,002
MHLZ2470,2024-10-27 15:20:00,002
MHLZ7357,2024-09-21 12:40:00,002
MHLZS387,2024-11-05 16:40:00,002
MHM52400,2024-10-30 20:20:00,002
MHM59083,2024-09-13 20:00:00,002
MHM63585,2024-11-12 18:00:00,002
MHMD5305,2024-11-09 14:00:00,002
MHMG7047,2024-10-02 14:40:00,002
MHMG7614,2024-10-12 14:00:00,002
MHMI0593,2024-09-14 18:40:00,002
MHMI2P17,2024-09-29 13:20:00,002
MHMJ2863,2024-11-09 15:20:00,002
MHMJ8657,2024-10-26 15:40:00,002
MHMK6014,2024-10-05 15:40:00,002
MHMK624A,2024-10-04 19:00:00,002
MHML7950,2024-10-21 15:20:00,002
MHMM3707,2024-11-09 10:20:00,002
MHMM6901,2024-10-12 13:00:00,002
MHMN9705,2024-11-02 14:00:00,002
MHMO6302,2024-11-02 15:20:00,002
MHMP3991,2024-11-02 14:40:00,002
MHMP538T,2024-09-22 12:00:00,002
MHMP9522,2024-10-15 23:00:00,002
MHMQ4786,2024-09-28 15:00:00,002
MHMR0241,2024-10-26 15:00:00,002
MHMR6774,2024-09-14 17:40:00,002
MHMS4046,2024-11-02 15:20:00,002
MHMU5009,2024-10-16 20:40:00,002
MHMW2X07,2024-09-16 16:40:00,002
MHMXE938,2024-10-17 16:00:00,002
MHN00922,2024-11-10 20:40:00,002
MHN98128,2024-10-02 16:00:00,002
MHNA3611,2024-09-14 16:20:00,002
MHNA3857,2024-11-02 15:00:00,002
MHNB2071,2024-09-21 11:20:00,002
MHNC4208,2024-09-14 18:00:00,002
MHNC5889,2024-11-09 14:20:00,002
MHNC9637,2024-10-12 12:20:00,002
MHND0631,2024-09-28 14:20:00,002
MHND3173,2024-09-14 18:00:00,002
MHNG2760,2024-09-14 16:20:00,002
MHNH796O,2024-11-02 16:40:00,002
MHNI9398,2024-10-10 23:00:00,002
MHNL9Z17,2024-10-16 12:20:00,002
MHNM2266,2024-11-02 13:00:00,002
MHNN5265,2024-09-14 17:40:00,002
MHNP2257,2024-10-05 16:00:00,002
MHNT6614,2024-10-12 13:40:00,002
MHNT6986,2024-11-13 14:40:00,002
MHNU0Z43,2024-11-12 14:20:00,002
MHNU5805,2024-09-14 18:20:00,002
MHNU8428,2024-10-05 17:40:00,002
MHNU960Z,2024-09-22 16:00:00,002
MHNV3572,2024-10-29 20:00:00,002
MHNZ2060,2024-11-07 11:00:00,002
MHNZ4998,2024-09-21 12:40:00,002
MHOA456P,2024-10-22 13:00:00,002
MHOA5858,2024-09-28 13:40:00,002
MHOA63K0,2024-10-08 23:00:00,002
MHOB1967,2024-10-12 12:00:00,002
MHOC0913,2024-10-12 14:00:00,002
MHOE3668,2024-11-09 14:40:00,002
MHOF144B,2024-11-08 18:00:00,002
MHOF8790,2024-10-26 15:20:00,002
MHOH5305,2024-10-09 12:00:00,002
MHOK1245,2024-09-28 14:20:00,002
MHOK422I,2024-11-01 12:00:00,002
MHOK84Y4,2024-10-20 11:40:00,002
MHOKT603,2024-09-28 13:00:00,002
MHOL4368,2024-10-17 22:40:00,002
MHOM3854,2024-10-05 17:40:00,002
MHOM612G,2024-10-15 12:00:00,002
MHOP519U,2024-09-26 22:20:00,002
MHOQ1044,2024-09-15 13:20:00,002
MHOR323H,2024-09-21 06:40:00,002
MHOR3F62,2024-11-07 15:20:00,002
MHOSD453,2024-10-25 10:40:00,002
MHOT3382,2024-10-19 13:20:00,002
MHOX1034,2024-11-09 14:40:00,002
MHOY4069,2024-10-05 15:40:00,002
MHPB6934,2024-10-12 14:00:00,002
MHPB9269,2024-09-21 12:40:00,002
MHPC84L1,2024-10-25 15:20:00,002
MHPD2125,2024-11-09 13:20:00,002
MHPE1400,2024-09-28 13:20:00,002
MHPE5S56,2024-11-06 15:40:00,002
MHPE9279,2024-09-14 16:40:00,002
MHPF1525,2024-11-09 15:00:00,002
MHPGV315,2024-10-30 17:40:00,002
MHPH6142,2024-09-28 14:00:00,002
MHPI3543,2024-10-26 16:00:00,002
MHPJ8931,2024-09-28 15:20:00,002
MHPK1278,2024-10-18 19:20:00,002
MHPK5235,2024-10-14 20:00:00,002
MHPL3698,2024-09-14 17:00:00,002
MHPL442V,2024-10-11 11:40:00,002
MHPL6438,2024-09-28 13:20:00,002
MHPL9961,2024-10-27 16:00:00,002
MHPM7323,2024-10-22 19:40:00,002
MHPN5965,2024-10-05 16:00:00,002
MHPP8552,2024-10-25 19:00:00,002
MHPQ4X30,2024-10-10 12:40:00,002
MHPQ6645,2024-10-12 12:40:00,002
MHPS3092,2024-10-12 12:40:00,002
MHPT062N,2024-10-25 15:40:00,002
MHPT6501,2024-10-07 17:40:00,002
MHPV3M22,2024-10-04 22:20:00,002
MHPW2951,2024-10-26 16:40:00,002
MHPY2628,2024-11-09 14:00:00,002
MHPYG490,2024-09-30 18:20:00,002
MHPZ1767,2024-10-09 13:00:00,002
MHQ26213,2024-10-01 13:20:00,002
MHQB2206,2024-09-28 15:40:00,002
MHQB343P,2024-09-29 18:00:00,002
MHQB3D88,2024-11-04 12:00:00,002
MHQB5779,2024-10-26 15:40:00,002
MHQD0361,2024-09-14 18:00:00,002
MHQD6A89,2024-09-22 14:00:00,002
MHQF2610,2024-09-19 17:20:00,002
MHQF94S6,2024-11-13 09:40:00,002
MHQH1069,2024-11-09 23:40:00,002
MHQH4843,2024-10-12 13:20:00,002
MHQH5S27,2024-10-27 22:20:00,002
MHQI6916,2024-09-14 16:00:00,002
MHQM8447,2024-09-28 15:40:00,002
MHQN8001,2024-10-15 17:40:00,002
MHQO583M,2024-11-03 22:20:00,002
MHQS2493,2024-10-26 15:20:00,002
MHQS85W9,2024-10-23 16:40:00,002
MHQV8534,2024-10-05 16:40:00,002
MHQW3023,2024-09-28 14:40:00,002
MHQX0908,2024-10-05 16:20:00,002
MHQX3471,2024-10-12 14:20:00,002
MHQX5710,2024-11-06 18:40:00,002
MHQX9269,2024-09-21 11:40:00,002
MHQY96N7,2024-10-31 17:40:00,002
MHR91492,2024-09-12 23:00:00,002
MHRA0188,2024-11-09 14:20:00,002
MHRA0518,2024-09-12 08:40:00,002
MHRG8515,2024-10-26 16:00:00,002
MHRGB646,2024-09-16 16:20:00,002
MHRI2239,2024-09-14 16:40:00,002
MHRI2T02,2024-09-18 14:40:00,002
MHRJ8741,2024-10-27 11:00:00,002
MHRK0127,2024-09-19 21:40:00,002
MHRK7021,2024-10-08 13:20:00,002
MHRL9066,2024-10-14 13:20:00,002
MHRP8988,2024-10-30 21:20:00,002
MHRR74S5,2024-10-26 23:00:00,002
MHRT0847,2024-10-12 14:00:00,002
MHRV8215,2024-11-02 13:00:00,002
MHSA7206,2024-09-28 15:20:00,002
MHSB8674,2024-11-09 13:20:00,002
MHSC9475,2024-09-28 14:40:00,002
MHSF5705,2024-10-24 21:00:00,002
MHSG8196,2024-09-28 15:20:00,002
MHSH0548,2024-10-05 15:00:00,002
MHSH2038,2024-11-02 14:20:00,002
MHSI05N0,2024-09-24 11:20:00,002
MHSK2093,2024-10-26 17:20:00,002
MHSK2699,2024-09-12 17:00:00,002
MHSM7J60,2024-11-12 23:40:00,002
MHSMP215,2024-09-30 09:40:00,002
MHSN8506,2024-10-05 16:00:00,002
MHSO932I,2024-10-01 21:40:00,002
MHSQ517N,2024-10-21 12:40:00,002
MHSQ9648,2024-09-14 17:20:00,002
MHSR2505,2024-10-05 16:20:00,002
MHSR8835,2024-10-06 20:00:00,002
MHSS1479,2024-09-19 19:00:00,002
MHST8686,2024-10-12 14:00:00,002
MHSTS668,2024-10-04 13:20:00,002
MHSU8489,2024-09-21 11:40:00,002
MHSW4929,2024-09-18 22:40:00,002
MHSX8077,2024-10-30 18:20:00,002
MHSZ6440,2024-09-14 18:00:00,002
MHTA1147,2024-09-28 14:40:00,002
MHTB1488,2024-10-30 14:40:00,002
MHTC03O2,2024-10-05 14:20:00,002
MHTC5987,2024-09-14 17:40:00,002
MHTD2996,2024-11-09 15:00:00,002
MHTD6422,2024-10-26 16:20:00,002
MHTF5143,2024-10-24 17:00:00,002
MHTF9354,2024-10-15 20:00:00,002
MHTG372A,2024-11-09 16:20:00,002
MHTG4589,2024-10-05 15:40:00,002
MHTH3234,2024-11-12 14:40:00,002
MHTH7490,2024-09-14 18:00:00,002
MHTM9354,2024-10-05 17:40:00,002
MHTO1Y31,2024-11-06 23:00:00,002
MHTP0295,2024-10-03 14:40:00,002
MHTP1148,2024-11-02 15:00:00,002
MHTP156R,2024-10-25 15:40:00,002
MHTP2014,2024-11-09 15:00:00,002
MHTP8958,2024-10-12 13:40:00,002
MHTQ6231,2024-10-19 15:00:00,002
MHTS0995,2024-10-26 14:40:00,002
MHTS3639,2024-09-14 20:40:00,002
MHTSS869,2024-10-28 22:00:00,002
MHTT2M72,2024-10-16 17:40:00,002
MHTT3359,2024-11-11 17:40:00,002
MHTU4478,2024-09-14 17:20:00,002
MHTW1725,2024-11-02 14:00:00,002
MHTY332N,2024-09-19 15:20:00,002
MHUA1702,2024-09-22 09:00:00,002
MHUB0X99,2024-11-08 14:20:00,002
MHUB5222,2024-09-14 18:00:00,002
MHUBU360,2024-09-22 19:00:00,002
MHUC7227,2024-10-27 15:00:00,002
MHUD4963,2024-09-28 14:00:00,002
MHUDD562,2024-09-18 13:20:00,002
MHUE6843,2024-11-01 11:20:00,002
MHUG3432,2024-09-28 13:20:00,002
MHUGT237,2024-11-10 15:00:00,002
MHUHT603,2024-09-20 09:40:00,002
MHUIU736,2024-10-12 10:00:00,002
MHUJ3181,2024-10-12 14:20:00,002
MHUL2703,2024-11-02 15:00:00,002
MHUL3798,2024-11-02 14:40:00,002
MHUL5W10,2024-09-15 15:20:00,002
MHUL8030,2024-10-26 16:20:00,002
MHUM1061,2024-09-21 11:20:00,002
MHUO5333,2024-10-19 15:00:00,002
MHUO5820,2024-09-14 17:00:00,002
MHUO6530,2024-09-29 17:20:00,002
MHUS6E95,2024-11-09 15:20:00,002
MHUU0691,2024-09-14 17:00:00,002
MHUU8434,2024-09-28 15:40:00,002
MHUV6689,2024-10-21 21:40:00,002
MHUW157F,2024-11-08 14:40:00,002
MHUW69R0,2024-09-27 23:40:00,002
MHUX0502,2024-09-12 19:00:00,002
MHUX1595,2024-10-23 14:40:00,002
MHUX6353,2024-09-28 16:00:00,002
MHUZ234B,2024-10-26 14:20:00,002
MHUZ544M,2024-10-18 18:20:00,002
MHVA0022,2024-10-05 17:40:00,002
MHVA2198,2024-11-09 14:40:00,002
MHVA8240,2024-10-05 17:20:00,002
MHVB653S,2024-10-29 16:20:00,002
MHVC1308,2024-10-26 15:20:00,002
MHVC4415,2024-10-12 13:00:00,002
MHVD1454,2024-11-10 17:00:00,002
MHVD98O0,2024-10-10 21:20:00,002
MHVEB763,2024-09-24 21:00:00,002
MHVF62M9,2024-10-12 21:40:00,002
MHVI7193,2024-11-09 14:20:00,002
MHVJ7010,2024-10-12 14:00:00,002
MHVL717P,2024-11-11 09:40:00,002
MHVM85W0,2024-09-26 15:40:00,002
MHVN0752,2024-10-09 17:20:00,002
MHVN2265,2024-11-02 13:00:00,002
MHVO6199,2024-11-02 15:00:00,002
MHVO6681,2024-10-02 20:40:00,002
MHVR268D,2024-11-02 09:40:00,002
MHVR9064,2024-11-03 17:20:00,002
MHVS0876,2024-10-26 16:40:00,002
MHVS6359,2024-10-05 16:00:00,002
MHVS8801,2024-10-23 19:20:00,002
MHVT1106,2024-09-14 16:00:00,002
MHVT9967,2024-09-14 17:40:00,002
MHVU8O42,2024-10-13 10:40:00,002
MHVV6689,2024-10-19 15:00:00,002
MHWAM515,2024-09-13 16:40:00,002
MHWB7116,2024-10-12 13:00:00,002
MHWB9008,2024-10-13 13:40:00,002
MHWE1826,2024-09-28 16:00:00,002
MHWF78X1,2024-10-17 18:40:00,002
MHWG4108,2024-09-28 14:00:00,002
MHWH0555,2024-11-02 12:40:00,002
MHWH7949,2024-11-09 14:40:00,002
MHWI0405,2024-09-14 18:20:00,002
MHWI69D9,2024-11-09 18:20:00,002
MHWK0713,2024-11-09 19:00:00,002
MHWK4928,2024-11-02 14:40:00,002
MHWK6820,2024-09-28 15:20:00,002
MHWK7061,2024-09-14 16:40:00,002
MHWL4637,2024-10-05 16:20:00,002
MHWL7209,2024-11-02 15:00:00,002
MHWN2Q85,2024-10-15 21:40:00,002
MHWO9563,2024-09-21 13:20:00,002
MHWQ1885,2024-10-05 15:20:00,002
MHWQ3062,2024-10-12 14:20:00,002
MHWR9742,2024-10-05 16:00:00,002
MHWS3563,2024-10-12 14:00:00,002
MHWV6952,2024-10-05 17:40:00,002
MHWV744U,2024-10-10 09:40:00,002
MHWW1113,2024-10-19 14:00:00,002
MHWX3099,2024-10-05 16:20:00,002
MHWY3627,2024-10-25 18:00:00,002
MHWY380W,2024-09-12 14:20:00,002
MHWY8438,2024-10-05 17:00:00,002
MHWZ094P,2024-11-06 23:40:00,002
MHWZQ122,2024-10-02 13:00:00,002
MHX33527,2024-09-13 22:20:00,002
MHXA124H,2024-10-23 13:00:00,002
MHXB020R,2024-11-11 18:40:00,002
MHXB8718,2024-09-21 12:00:00,002
MHXD1427,2024-09-23 12:00:00,002
MHXD3N50,2024-10-29 20:00:00,002
MHXE2219,2024-10-05 17:40:00,002
MHXF79K2,2024-11-06 14:20:00,002
MHXG1212,2024-09-14 17:40:00,002
MHXJ1932,2024-11-05 17:20:00,002
MHXLF169,2024-09-29 22:20:00,002
MHXM1746,2024-10-19 14:20:00,002
MHXM2530,2024-10-18 15:20:00,002
MHXP9732,2024-11-11 12:40:00,002
MHXR6074,2024-09-21 12:40:00,002
MHXS2147,2024-10-26 15:20:00,002
MHXS5573,2024-09-14 18:40:00,002
MHXY7086,2024-10-05 17:20:00,002
MHXZ2973,2024-09-26 16:00:00,002
MHY42420,2024-10-28 00:00:00,002
MHYB6445,2024-10-24 17:20:00,002
MHYD5614,2024-09-14 17:20:00,002
MHYD70R9,2024-11-11 10:20:00,002
MHYD9P74,2024-11-05 19:20:00,002
MHYE3323,2024-10-12 12:00:00,002
MHYG6J76,2024-10-04 14:00:00,002
MHYH2008,2024-09-14 18:00:00,002
MHYK5641,2024-11-02 14:00:00,002
MHYKH490,2024-09-28 13:20:00,002
MHYM3538,2024-10-05 15:20:00,002
MHYM3613,2024-09-14 18:20:00,002
MHYM7451,2024-09-26 15:20:00,002
MHYN5479,2024-10-19 14:00:00,002
MHYNA623,2024-11-03 21:20:00,002
MHYP3806,2024-11-02 13:00:00,002
MHYP7659,2024-10-24 21:00:00,002
MHYQ3835,2024-10-23 00:00:00,002
MHYQ7048,2024-11-02 13:40:00,002
MHYRM941,2024-09-26 21:40:00,002
MHYS7123,2024-11-02 14:20:00,002
MHYT3357,2024-11-09 14:00:00,002
MHYU4782,2024-10-05 16:00:00,002
MHYU489U,2024-10-10 19:20:00,002
MHYV2746,2024-11-09 13:00:00,002
MHYV5332,2024-11-09 13:20:00,002
MHYW99E2,2024-10-19 11:20:00,002
MHYY576G,2024-11-11 14:20:00,002
MHZA0097,2024-09-14 16:00:00,002
MHZC6986,2024-10-15 13:20:00,002
MHZD1088,2024-10-12 14:40:00,002
MHZD3097,2024-11-04 20:00:00,002
MHZD7581,2024-10-12 13:40:00,002
MHZF2942,2024-09-28 15:20:00,002
MHZG03Y2,2024-11-10 20:00:00,002
MHZG1408,2024-09-28 14:40:00,002
MHZG4037,2024-11-02 20:20:00,002
MHZG6789,2024-11-02 14:40:00,002
MHZI5113,2024-10-26 16:00:00,002
MHZI5530,2024-10-05 15:20:00,002
MHZJ3532,2024-10-29 14:00:00,002
MHZJ4545,2024-09-21 12:20:00,002
MHZM8238,2024-10-05 17:00:00,002
MHZN5804,2024-11-09 13:00:00,002
MHZO4130,2024-10-19 14:40:00,002
MHZQ0252,2024-10-04 15:20:00,002
MHZQ275T,2024-09-21 16:20:00,002
MHZR32O7,2024-09-15 22:00:00,002
MHZR9980,2024-10-19 13:20:00,002
MHZRY856,2024-10-21 14:00:00,002
MHZT0539,2024-09-28 15:40:00,002
MHZT7391,2024-09-14 17:40:00,002
MHZU1I31,2024-10-07 21:40:00,002
MHZVB596,2024-10-29 10:40:00,002
MHZW1668,2024-09-28 15:40:00,002
MHZW2946,2024-11-02 14:40:00,002
MHZW4210,2024-09-28 15:20:00,002
MHZX5614,2024-11-09 15:00:00,002
MHZX6770,2024-10-05 23:20:00,002
MHZY0460,2024-11-09 14:40:00,002
MHZZ0258,2024-10-19 14:20:00,002
MICU1426,2024-10-22 16:00:00,002
MIKZ8554,2024-10-02 09:40:00,002
MJMQ3416,2024-11-06 13:40:00,002
MKBK7338,2024-09-30 16:00:00,002
MKKM2169,2024-10-24 20:40:00,002
MLEB4890,2024-09-29 21:00:00,002
MLJX0404,2024-11-03 12:40:00,002
MMNH3752,2024-09-27 16:20:00,002
MMOY7081,2024-11-09 15:20:00,002
MMWP2718,2024-10-11 22:40:00,002
MNVN5679,2024-09-25 15:20:00,002
MNWI5825,2024-10-13 17:20:00,002
MOBF2771,2024-11-05 00:00:00,002
MOLM4165,2024-10-31 11:40:00,002
MPFW3358,2024-10-23 10:40:00,002
MPRW9127,2024-09-19 12:00:00,002
MPUO3019,2024-09-13 21:20:00,002
MQGF8296,2024-11-08 11:20:00,002
MQGH7812,2024-11-03 12:40:00,002
MQQL0015,2024-10-22 13:40:00,002
MRQD6560,2024-10-27 17:20:00,002
MRRK2665,2024-09-16 23:20:00,002
MRVR7378,2024-11-04 13:40:00,002
MRXI6655,2024-09-15 22:00:00,002
MTIB9203,2024-10-11 14:00:00,002
MTKM6773,2024-10-13 12:40:00,002
MTLD5441,2024-09-28 20:00:00,002
MVMB7122,2024-10-30 21:20:00,002
MVXQ9888,2024-10-27 22:40:00,002
MWGT3736,2024-09-17 16:20:00,002
MWNB9634,2024-09-22 12:00:00,002
MWPF2822,2024-11-09 18:20:00,002
MXPY3248,2024-10-03 11:00:00,002
MXVF7586,2024-10-07 17:40:00,002
MYBX2378,2024-10-23 21:20:00,002
MYII5448,2024-11-12 12:00:00,002
MYPK8268,2024-09-12 14:00:00,002
MYVI8395,2024-09-22 16:00:00,002
MYYQ7472,2024-09-17 15:20:00,002
MZEA9171,2024-09-25 21:20:00,002
MZIU2367,2024-09-16 14:20:00,002
MZJB4810,2024-09-15 21:20:00,002
MZUD0087,2024-11-12 19:20:00,002
NHFQ7034,2024-09-14 17:20:00,002
NHII8349,2024-10-15 18:00:00,002
NHLC1185,2024-10-21 13:00:00,002
OHJM2578,2024-09-30 23:40:00,002
OHKO5707,2024-09-24 12:40:00,002
OHZF5760,2024-10-20 11:00:00,002
PHHO6040,2024-09-23 14:20:00,002
QHNQ8161,2024-10-18 20:00:00,002
RHTP0641,2024-10-09 21:40:00,002
THFT8278,2024-11-08 22:20:00,002
THOC0504,2024-10-13 16:20:00,002
UHZY4682,2024-11-12 14:00:00,002
VHRG9048,2024-10-29 11:20:00,002
WHOD9580,2024-11-04 18:20:00,002
WHSV6928,2024-11-08 14:40:00,002
XHMN5782,2024-09-14 17:20:00,002
XHMR0801,2024-10-24 17:20:00,002
XHSM4475,2024-10-22 22:20:00,002
YHIQ8775,2024-09-29 17:40:00,002
YHSX9637,2024-10-04 19:20:00,002
YHUG3974,2024-11-13 12:00:00,002
ZHLA0414,2024-11-01 20:40:00,002
ZHNT9444,2024-10-10 10:40:00,002
